City_ID,City,Lat,Lng,Max Temp,Humidity,Cloudiness,Wind Speed,Country,Date
0,Vaini,-21.2,-175.2,80.76,78,20,9.22,TO,2022-07-21 00:41:33
1,Marsh Harbour,26.5412,-77.0636,82.67,75,3,11.88,BS,2022-07-21 00:41:33
2,Qaanaaq,77.484,-69.3632,39.99,84,100,4.5,GL,2022-07-21 00:41:33
3,Kondinskoye,59.6481,67.41,59.63,93,95,5.59,RU,2022-07-21 00:41:34
4,Davila,18.4726,120.5763,85.98,72,21,1.63,PH,2022-07-21 00:41:34
5,Te Anau,-45.4167,167.7167,42.55,83,93,2.3,NZ,2022-07-21 00:41:34
6,Port Lincoln,-34.7333,135.8667,55.29,67,0,13.22,AU,2022-07-21 00:41:35
7,Sakakah,29.9697,40.2064,94.57,18,54,10.09,SA,2022-07-21 00:41:35
8,East London,-33.0153,27.9116,60.6,85,47,7.83,ZA,2022-07-21 00:41:36
9,Menongue,-14.6585,17.691,48.45,51,13,3.91,AO,2022-07-21 00:41:36
10,Tasiilaq,65.6145,-37.6368,37.56,77,100,3.78,GL,2022-07-21 00:41:36
11,Saint Anthony,45.0205,-93.218,87.42,45,40,19.57,US,2022-07-21 00:41:36
12,Olafsvik,64.8945,-23.7142,50.2,72,80,8.28,IS,2022-07-21 00:41:37
13,Hithadhoo,-0.6,73.0833,79.99,77,98,6.2,MV,2022-07-21 00:41:37
14,Sao Desiderio,-12.3633,-44.9733,69.01,48,2,5.28,BR,2022-07-21 00:41:37
15,Port Alfred,-33.5906,26.891,56.17,97,98,1.01,ZA,2022-07-21 00:41:38
16,Bom Jesus,-9.0744,-44.3586,69.51,47,2,2.17,BR,2022-07-21 00:41:38
17,Salalah,17.0151,54.0924,75.29,100,100,5.75,OM,2022-07-21 00:41:39
18,Lata,40.1629,-8.3327,59.72,86,0,2.28,PT,2022-07-21 00:36:40
19,Whitehorse,60.7161,-135.0538,51.82,84,100,12.66,CA,2022-07-21 00:41:39
20,Arraial Do Cabo,-22.9661,-42.0278,70.07,85,2,11.63,BR,2022-07-21 00:41:39
21,Georgetown,5.4112,100.3354,81.9,89,20,2.3,MY,2022-07-21 00:41:40
22,Harper,4.375,-7.7169,74.64,70,99,8.55,LR,2022-07-21 00:40:01
23,Diphu,25.8333,93.4333,77.92,95,100,0.98,IN,2022-07-21 00:41:40
24,Longyearbyen,78.2186,15.6401,51.64,82,40,12.66,SJ,2022-07-21 00:41:41
25,Hermanus,-34.4187,19.2345,49.44,78,0,6.15,ZA,2022-07-21 00:41:41
26,Skeldon,5.8833,-57.1333,76.24,88,88,5.97,GY,2022-07-21 00:41:41
27,Rikitea,-23.1203,-134.9692,73.56,76,0,5.61,PF,2022-07-21 00:41:41
28,Saint-Philippe,-21.3585,55.7679,67.59,78,47,14.88,RE,2022-07-21 00:41:42
29,Klaksvik,62.2266,-6.589,49.12,92,94,18.72,FO,2022-07-21 00:41:42
30,Acarau,-2.8856,-40.12,76.42,80,43,9.62,BR,2022-07-21 00:41:42
31,Bardiyah,31.7561,25.0865,74.86,66,0,10.96,LY,2022-07-21 00:41:43
32,Puerto Ayora,-0.7393,-90.3518,68.56,98,45,7.0,EC,2022-07-21 00:41:43
33,Svetlyy,54.675,20.1347,61.97,65,0,7.49,RU,2022-07-21 00:41:43
34,Waingapu,-9.6567,120.2641,79.65,60,82,8.81,ID,2022-07-21 00:41:44
35,Jamestown,42.097,-79.2353,83.79,63,0,11.5,US,2022-07-21 00:38:20
36,Halifax,44.6453,-63.5724,75.69,64,75,4.61,CA,2022-07-21 00:40:02
37,Lebu,-37.6167,-73.65,52.05,96,100,5.17,CL,2022-07-21 00:41:44
38,Mataura,-46.1927,168.8643,43.48,78,100,4.0,NZ,2022-07-21 00:41:06
39,Yellowknife,62.456,-114.3525,68.52,40,75,11.5,CA,2022-07-21 00:41:45
40,Albany,42.6001,-73.9662,86.18,64,34,1.01,US,2022-07-21 00:41:45
41,Muscat,23.6139,58.5922,86.02,73,70,3.56,OM,2022-07-21 00:41:45
42,Barrow,71.2906,-156.7887,55.42,58,0,14.97,US,2022-07-21 00:41:46
43,Butaritari,3.0707,172.7902,81.09,80,100,9.4,KI,2022-07-21 00:41:07
44,Huarmey,-10.0681,-78.1522,62.65,83,19,9.82,PE,2022-07-21 00:42:46
45,Honningsvag,70.9821,25.9704,56.95,82,75,3.44,NO,2022-07-21 00:42:46
46,Avarua,-21.2078,-159.775,75.25,69,75,19.57,CK,2022-07-21 00:41:54
47,Bontang,0.1333,117.5,81.16,82,9,3.56,ID,2022-07-21 00:42:47
48,Marawi,7.9986,124.2928,77.43,78,69,1.23,PH,2022-07-21 00:42:47
49,Esna,25.2934,32.554,86.02,21,0,11.34,EG,2022-07-21 00:42:47
50,Palmer,42.1584,-72.3287,86.61,73,0,4.36,US,2022-07-21 00:41:28
51,Gweta,-20.1833,25.2333,60.67,48,92,6.73,BW,2022-07-21 00:42:48
52,Port Elizabeth,-33.918,25.5701,55.31,92,75,6.91,ZA,2022-07-21 00:42:48
53,Avera,33.194,-82.5271,82.45,75,100,6.82,US,2022-07-21 00:42:48
54,Atuona,-9.8,-139.0333,77.61,75,1,14.36,PF,2022-07-21 00:42:49
55,Naze,28.3667,129.4833,85.12,80,83,17.18,JP,2022-07-21 00:42:49
56,Mount Gambier,-37.8333,140.7667,53.1,56,7,8.59,AU,2022-07-21 00:42:49
57,Fortuna,40.5982,-124.1573,65.93,75,8,5.01,US,2022-07-21 00:42:50
58,New Norfolk,-42.7826,147.0587,46.92,63,0,1.59,AU,2022-07-21 00:42:50
59,Bluff,-46.6,168.3333,43.81,68,100,7.54,NZ,2022-07-21 00:42:51
60,Mocuba,-16.8392,36.9856,62.1,96,0,1.97,MZ,2022-07-21 00:42:51
61,Alenquer,-1.9417,-54.7383,74.39,93,71,4.23,BR,2022-07-21 00:42:51
62,Carnarvon,-24.8667,113.6333,66.27,94,75,11.5,AU,2022-07-21 00:42:51
63,Kerema,-7.9631,145.7785,81.88,78,13,6.67,PG,2022-07-21 00:42:52
64,Flinders,-34.5833,150.8552,58.17,90,100,5.01,AU,2022-07-21 00:39:11
65,Punta Arenas,-53.15,-70.9167,32.11,86,40,23.02,CL,2022-07-21 00:42:52
66,Shu,43.5983,73.7614,74.91,18,0,5.77,KZ,2022-07-21 00:42:53
67,Noumea,-22.2763,166.4572,79.0,99,100,12.28,NC,2022-07-21 00:38:41
68,Surgut,61.25,73.4167,59.18,82,0,7.0,RU,2022-07-21 00:42:53
69,Hobart,-42.8794,147.3294,47.26,75,20,9.22,AU,2022-07-21 00:42:53
70,Tessalit,20.1986,1.0114,81.7,56,71,17.02,ML,2022-07-21 00:39:30
71,Meulaboh,4.1363,96.1285,77.2,80,100,3.2,ID,2022-07-21 00:42:54
72,Mar Del Plata,-38.0023,-57.5575,57.09,63,0,20.71,AR,2022-07-21 00:42:54
73,Kruisfontein,-34.0033,24.7314,50.88,92,11,6.76,ZA,2022-07-21 00:42:54
74,Kapaa,22.0752,-159.319,85.98,70,20,18.41,US,2022-07-21 00:42:55
75,Norman Wells,65.282,-126.8329,78.84,29,75,4.61,CA,2022-07-21 00:42:20
76,Busselton,-33.65,115.3333,58.05,81,100,14.18,AU,2022-07-21 00:42:55
77,Thanatpin,17.2119,96.3033,78.98,90,100,6.02,MM,2022-07-21 00:42:56
78,Soe,-9.8607,124.284,70.84,76,88,6.22,ID,2022-07-21 00:42:56
79,Zhangjiakou,40.81,114.8794,78.13,48,0,2.42,CN,2022-07-21 00:42:56
80,Souillac,-20.5167,57.5167,68.38,73,75,13.8,MU,2022-07-21 00:42:57
81,Oda,35.1833,132.5,75.97,88,100,8.41,JP,2022-07-21 00:42:57
82,Peniche,39.3558,-9.3811,67.28,91,12,14.41,PT,2022-07-21 00:42:57
83,Diego De Almagro,-26.3667,-70.05,60.57,49,100,1.59,CL,2022-07-21 00:42:58
84,Kapit,2.0167,112.9333,79.86,88,66,1.81,MY,2022-07-21 00:42:58
85,Sloboda,51.1421,40.3021,55.31,96,96,11.07,RU,2022-07-21 00:42:58
86,Komsomolskiy,40.4272,71.7189,75.92,35,0,4.61,UZ,2022-07-21 00:42:59
87,Sao Joao Da Barra,-21.6403,-41.0511,67.59,94,1,7.2,BR,2022-07-21 00:43:59
88,Nikolskoye,59.7035,30.7861,62.78,82,8,7.05,RU,2022-07-21 00:43:59
89,Constitucion,-35.3333,-72.4167,50.86,91,1,6.38,CL,2022-07-21 00:44:00
90,Kaitangata,-46.2817,169.8464,43.27,81,100,8.41,NZ,2022-07-21 00:44:00
91,Ancud,-41.8697,-73.8203,39.22,65,41,9.01,CL,2022-07-21 00:44:00
92,Bredasdorp,-34.5322,20.0403,44.15,90,0,5.75,ZA,2022-07-21 00:44:01
93,Bethel,41.3712,-73.414,85.03,73,0,1.01,US,2022-07-21 00:42:10
94,Kamuli,0.9472,33.1197,59.76,73,17,1.54,UG,2022-07-21 00:44:01
95,Kodiak,57.79,-152.4072,58.51,67,0,4.61,US,2022-07-21 00:44:01
96,Dikson,73.5069,80.5464,38.86,91,100,30.18,RU,2022-07-21 00:44:02
97,Nanortalik,60.1432,-45.2371,49.64,87,28,15.05,GL,2022-07-21 00:44:02
98,Torbay,47.6666,-52.7314,64.58,87,100,18.41,CA,2022-07-21 00:44:02
99,Pisco,-13.7,-76.2167,60.85,77,100,4.61,PE,2022-07-21 00:44:03
100,Sinnamary,5.3833,-52.95,77.31,85,42,5.75,GF,2022-07-21 00:44:03
101,Ushuaia,-54.8,-68.3,29.86,93,75,16.11,AR,2022-07-21 00:44:03
102,Bambous Virieux,-20.3428,57.7575,68.25,73,75,13.8,MU,2022-07-21 00:44:04
103,Paidha,2.4167,30.9855,59.14,89,70,2.82,UG,2022-07-21 00:44:04
104,Leshukonskoye,64.8989,45.7622,59.47,78,11,3.71,RU,2022-07-21 00:44:04
105,Nuevo Progreso,23.1667,-97.95,87.55,78,24,14.25,MX,2022-07-21 00:44:04
106,Shingu,33.7333,135.9833,87.55,51,28,3.65,JP,2022-07-21 00:44:05
107,Gordeyevka,52.9569,31.9703,57.9,68,97,12.91,RU,2022-07-21 00:44:05
108,Birao,10.2849,22.7882,70.97,92,99,3.91,CF,2022-07-21 00:43:37
109,Changji,44.0167,87.3167,72.39,35,0,17.9,CN,2022-07-21 00:44:06
110,Ponta Do Sol,32.6667,-17.1,70.72,80,12,5.64,PT,2022-07-21 00:44:06
111,Taltal,-25.4,-70.4833,57.36,88,100,1.68,CL,2022-07-21 00:44:06
112,Pilar,-9.5972,-35.9567,75.13,95,97,3.83,BR,2022-07-21 00:44:06
113,Poole,50.7167,-2.0,66.11,80,100,1.99,GB,2022-07-21 00:44:07
114,Coquimbo,-29.9533,-71.3436,53.33,87,100,3.44,CL,2022-07-21 00:44:07
115,Guilin,25.2819,110.2864,78.91,86,100,3.38,CN,2022-07-21 00:44:07
116,Esso,55.9333,158.7,79.95,42,4,6.89,RU,2022-07-21 00:44:08
117,Bengkulu,-3.8004,102.2655,77.77,87,18,2.86,ID,2022-07-21 00:44:08
118,Kieta,-6.2167,155.6333,84.4,68,44,4.32,PG,2022-07-21 00:44:09
119,Quesnel,52.9999,-122.5029,81.1,32,100,4.61,CA,2022-07-21 00:44:09
120,Victoria,22.2855,114.1577,90.32,74,14,8.01,HK,2022-07-21 00:39:50
121,Leningradskiy,69.3833,178.4167,33.26,98,100,20.27,RU,2022-07-21 00:44:09
122,San Jeronimo,-11.9472,-75.2829,48.22,72,23,4.79,PE,2022-07-21 00:44:10
123,Tura,25.5198,90.2201,75.29,96,100,4.12,IN,2022-07-21 00:44:10
124,Hilo,19.7297,-155.09,84.27,77,75,8.05,US,2022-07-21 00:41:41
125,Coihaique,-45.5752,-72.0662,33.75,75,100,4.61,CL,2022-07-21 00:44:10
126,Pottsville,40.6857,-76.1955,86.43,87,3,4.7,US,2022-07-21 00:44:11
127,Artvin,41.1667,41.8333,62.42,97,100,2.75,TR,2022-07-21 00:44:11
128,Dhidhdhoo,6.8833,73.1,81.21,73,100,21.99,MV,2022-07-21 00:44:11
129,Abha,18.2164,42.5053,66.02,68,20,9.22,SA,2022-07-21 00:44:12
130,Pevek,69.7008,170.3133,31.75,87,100,15.9,RU,2022-07-21 00:41:05
131,Wlingi,-8.0776,112.3311,74.7,81,59,7.34,ID,2022-07-21 00:44:12
132,Saint George,37.1041,-113.5841,107.64,14,0,18.41,US,2022-07-21 00:41:01
133,Airai,-8.9266,125.4092,65.88,73,59,3.69,TL,2022-07-21 00:44:13
134,Castro,-24.7911,-50.0119,56.32,93,6,4.29,BR,2022-07-21 00:40:52
135,Chokurdakh,70.6333,147.9167,54.37,43,57,8.01,RU,2022-07-21 00:45:13
136,Matagami,49.7502,-77.6328,71.71,83,75,6.91,CA,2022-07-21 00:45:13
137,Mathathane,-22.2687,28.7495,62.33,69,95,4.18,BW,2022-07-21 00:45:14
138,Alice Springs,-23.7,133.8833,51.35,40,18,14.97,AU,2022-07-21 00:45:14
139,Mahenge,-8.6833,36.7167,54.5,91,12,1.43,TZ,2022-07-21 00:45:14
140,Vila Velha,-20.3297,-40.2925,71.55,88,40,9.22,BR,2022-07-21 00:43:32
141,Sebeta,8.9167,38.6167,59.04,95,100,1.92,ET,2022-07-21 00:45:15
142,Tuktoyaktuk,69.4541,-133.0374,51.8,87,100,4.61,CA,2022-07-21 00:45:15
143,Matara,5.9485,80.5353,77.97,87,96,11.99,LK,2022-07-21 00:45:16
144,Moyale,3.5167,39.0584,63.43,69,94,11.61,KE,2022-07-21 00:45:16
145,Rawson,-43.3002,-65.1023,43.47,42,0,27.47,AR,2022-07-21 00:45:16
146,Pula,44.8683,13.8481,73.58,49,0,3.44,HR,2022-07-21 00:45:17
147,Povoa De Varzim,41.3834,-8.7636,70.16,100,0,5.75,PT,2022-07-21 00:45:17
148,Viedma,-40.8135,-62.9967,52.72,62,100,16.42,AR,2022-07-21 00:45:17
149,Mirnyy,62.5353,113.9611,51.24,100,100,4.0,RU,2022-07-21 00:42:31
150,Cockburn Town,21.4612,-71.1419,82.24,81,0,20.96,TC,2022-07-21 00:45:18
151,Hirara,24.8,125.2833,88.07,79,40,9.22,JP,2022-07-21 00:45:18
152,Half Moon Bay,37.4636,-122.4286,86.54,77,100,25.32,US,2022-07-21 00:43:28
153,Nemuro,43.3236,145.575,59.36,88,73,7.02,JP,2022-07-21 00:45:18
154,Muana,-1.5283,-49.2167,76.35,87,50,6.71,BR,2022-07-21 00:45:19
155,Thompson,55.7435,-97.8558,64.56,77,75,6.91,CA,2022-07-21 00:40:57
156,Tobermory,45.2501,-81.6665,68.14,82,12,13.56,CA,2022-07-21 00:44:12
157,Cape Town,-33.9258,18.4232,55.38,78,0,4.61,ZA,2022-07-21 00:41:06
158,Saldanha,-33.0117,17.9442,39.25,69,0,8.05,ZA,2022-07-21 00:42:21
159,Pleasant Point,-44.2667,171.1333,44.28,77,77,4.21,NZ,2022-07-21 00:45:19
160,Bilma,18.6853,12.9164,88.18,36,55,6.62,NE,2022-07-21 00:45:20
161,Mahebourg,-20.4081,57.7,68.29,73,75,13.8,MU,2022-07-21 00:45:20
162,Lake City,30.1897,-82.6393,78.85,73,0,6.91,US,2022-07-21 00:45:20
163,Abu Zabad,12.35,29.25,77.07,73,100,13.96,SD,2022-07-21 00:45:21
164,Khani,41.9563,42.9566,58.57,98,100,1.57,GE,2022-07-21 00:45:21
165,Itarema,-2.9248,-39.9167,76.73,78,44,11.18,BR,2022-07-21 00:45:21
166,Ribeira Grande,38.5167,-28.7,72.82,84,6,2.57,PT,2022-07-21 00:43:12
167,Dunedin,-45.8742,170.5036,45.81,65,100,15.01,NZ,2022-07-21 00:45:22
168,San Patricio,28.017,-97.5169,90.54,65,4,18.48,US,2022-07-21 00:45:22
169,Comodoro Rivadavia,-45.8667,-67.5,40.86,42,0,27.63,AR,2022-07-21 00:43:31
170,Provideniya,64.3833,-173.3,48.36,66,75,15.99,RU,2022-07-21 00:45:23
171,Calama,-22.4667,-68.9333,59.49,8,20,8.05,CL,2022-07-21 00:45:23
172,Salym,60.0625,71.4789,59.83,83,96,4.5,RU,2022-07-21 00:45:23
173,Saint-Joseph,-21.3667,55.6167,66.58,75,19,15.26,RE,2022-07-21 00:45:23
174,Aswan,24.0934,32.907,88.9,25,0,13.8,EG,2022-07-21 00:45:24
175,Tecoanapa,16.5167,-98.75,82.8,79,99,5.75,MX,2022-07-21 00:45:24
176,Sivas,39.7916,37.0019,52.43,93,40,9.22,TR,2022-07-21 00:45:24
177,Nanakuli,21.3906,-158.1547,84.15,61,75,13.8,US,2022-07-21 00:45:25
178,Touros,-5.1989,-35.4608,73.72,90,100,9.62,BR,2022-07-21 00:44:56
179,Kahului,20.8947,-156.47,87.82,42,20,19.57,US,2022-07-21 00:45:25
180,Casa Nova,-9.4167,-41.1333,74.23,69,91,15.75,BR,2022-07-21 00:46:26
181,Khatanga,71.9667,102.5,49.69,58,100,22.3,RU,2022-07-21 00:46:26
182,Faya,18.3851,42.4509,66.31,45,100,5.95,SA,2022-07-21 00:46:26
183,Washington,47.5001,-120.5015,95.58,18,0,9.89,US,2022-07-21 00:46:26
184,Severo-Kurilsk,50.6789,156.125,52.65,97,99,12.93,RU,2022-07-21 00:46:27
185,Natal,-5.795,-35.2094,75.42,94,75,9.22,BR,2022-07-21 00:41:48
186,Grindavik,63.8424,-22.4338,51.75,93,75,11.5,IS,2022-07-21 00:46:27
187,Aksu,41.1231,80.2644,73.56,42,0,16.35,CN,2022-07-21 00:46:27
188,Kawalu,-7.3817,108.2082,73.04,89,84,2.89,ID,2022-07-21 00:46:28
189,Samarai,-10.6167,150.6667,82.67,74,4,12.57,PG,2022-07-21 00:46:24
190,Tala,30.6803,30.9429,70.25,82,0,7.25,EG,2022-07-21 00:46:28
191,Nuuk,64.1835,-51.7216,50.61,87,100,13.8,GL,2022-07-21 00:41:57
192,Kizema,61.113,44.8302,49.84,96,21,2.3,RU,2022-07-21 00:46:29
193,Northam,51.0333,-4.2167,60.39,89,0,12.53,GB,2022-07-21 00:46:30
194,Padang,-0.9492,100.3543,75.25,76,20,1.72,ID,2022-07-21 00:46:30
195,Christchurch,-43.5333,172.6333,43.0,81,100,26.46,NZ,2022-07-21 00:41:42
196,Merauke,-8.4667,140.3333,80.38,77,100,11.63,ID,2022-07-21 00:46:30
197,Valdivia,-39.8142,-73.2459,44.69,94,26,2.17,CL,2022-07-21 00:46:31
198,Tiarei,-17.5333,-149.3333,82.42,73,8,11.45,PF,2022-07-21 00:46:31
199,Doha,25.2867,51.5333,94.98,68,0,10.36,QA,2022-07-21 00:46:31
200,Calamar,10.2511,-74.9146,79.23,86,50,4.88,CO,2022-07-21 00:46:32
201,Kurumkan,54.3,110.3,66.31,65,81,2.89,RU,2022-07-21 00:46:32
202,Port Hardy,50.6996,-127.4199,62.78,72,20,13.8,CA,2022-07-21 00:46:32
203,Newala,-10.9431,39.2787,56.61,96,0,3.2,TZ,2022-07-21 00:46:33
204,Arona,28.0996,-16.681,75.7,34,0,21.85,ES,2022-07-21 00:46:33
205,Vardo,70.3705,31.1107,53.58,94,100,2.3,NO,2022-07-21 00:45:38
206,Juneau,58.3019,-134.4197,53.22,96,100,12.66,US,2022-07-21 00:45:11
207,Aklavik,68.2191,-135.0107,65.97,46,100,10.74,CA,2022-07-21 00:42:13
208,Guerrero Negro,27.9769,-114.0611,76.32,56,9,17.11,MX,2022-07-21 00:43:29
209,Narsaq,60.9167,-46.05,52.02,95,31,3.53,GL,2022-07-21 00:46:34
210,Chokwe,-24.5333,32.9833,63.45,85,10,3.98,MZ,2022-07-21 00:46:34
211,Mahajanga,-15.7167,46.3167,66.22,72,0,5.75,MG,2022-07-21 00:46:34
212,Saint-Francois,46.4154,3.9054,60.24,94,0,2.3,FR,2022-07-21 00:46:35
213,Karratha,-20.7377,116.8463,72.14,46,5,5.01,AU,2022-07-21 00:46:35
214,Cabo San Lucas,22.8909,-109.9124,95.61,66,7,12.91,MX,2022-07-21 00:43:28
215,Ust-Tsilma,65.441,52.1498,59.4,76,100,4.99,RU,2022-07-21 00:46:36
216,Veraval,20.9,70.3667,80.58,87,100,15.88,IN,2022-07-21 00:46:36
217,Bourail,-21.5667,165.4833,80.46,70,96,5.46,NC,2022-07-21 00:46:36
218,Sistranda,63.7256,8.834,53.56,98,100,6.24,NO,2022-07-21 00:46:37
219,Paracatu,-17.2222,-46.8747,63.93,50,0,1.77,BR,2022-07-21 00:46:37
220,Asyut,27.181,31.1837,82.58,34,1,13.38,EG,2022-07-21 00:46:37
221,Bahia Honda,22.9036,-83.1592,81.32,78,6,9.15,CU,2022-07-21 00:46:37
222,Miri,4.4148,114.0089,80.74,89,20,2.3,MY,2022-07-21 00:46:38
223,Ilulissat,69.2167,-51.1,59.02,41,75,14.97,GL,2022-07-21 00:46:38
224,Paita,-5.0892,-81.1144,64.02,81,13,16.62,PE,2022-07-21 00:42:13
225,Hukuntsi,-24.0,21.75,55.96,40,28,6.46,BW,2022-07-21 00:46:39
226,Coihueco,-36.6167,-71.8333,45.34,93,0,6.91,CL,2022-07-21 00:46:39
227,Xingtai,37.0631,114.4942,82.17,55,0,6.15,CN,2022-07-21 00:46:39
228,Kyzyl-Mazhalyk,51.1333,90.6,60.73,45,97,1.92,RU,2022-07-21 00:47:40
229,Lorengau,-2.0226,147.2712,84.18,68,55,5.1,PG,2022-07-21 00:47:40
230,Kununurra,-15.7667,128.7333,80.58,28,6,5.75,AU,2022-07-21 00:47:40
231,Buala,-8.145,159.5921,85.42,66,95,7.87,SB,2022-07-21 00:47:41
232,Kochi,9.9399,76.2602,77.02,90,100,9.69,IN,2022-07-21 00:47:25
233,Kihei,20.785,-156.4656,87.82,42,20,19.57,US,2022-07-21 00:47:41
234,Lazaro Cardenas,17.9583,-102.2,83.21,84,12,3.36,MX,2022-07-21 00:47:42
235,Presidencia Roque Saenz Pena,-26.7852,-60.4388,73.0,54,100,6.6,AR,2022-07-21 00:47:42
236,Pauini,-7.7136,-66.9764,73.96,61,5,1.07,BR,2022-07-21 00:47:42
237,Dubti,11.7361,41.0853,81.59,53,100,12.01,ET,2022-07-21 00:47:43
238,Alofi,-19.0595,-169.9187,73.29,83,75,12.66,NU,2022-07-21 00:46:19
239,Hasaki,35.7333,140.8333,86.4,76,100,7.43,JP,2022-07-21 00:47:43
240,Bilibino,68.0546,166.4372,54.72,34,35,8.37,RU,2022-07-21 00:47:43
241,Ken Caryl,39.5773,-105.1169,81.18,58,96,1.99,US,2022-07-21 00:43:56
242,Hvolsvollur,63.7533,-20.2243,48.61,81,85,4.47,IS,2022-07-21 00:47:44
243,Amahai,-3.3333,128.9167,79.05,86,91,9.37,ID,2022-07-21 00:47:44
244,Saskylakh,71.9167,114.0833,51.06,56,53,17.09,RU,2022-07-21 00:47:44
245,Little Current,45.9793,-81.9248,68.05,79,1,15.21,CA,2022-07-21 00:46:46
246,Barda,40.3744,47.1267,73.99,61,0,4.72,AZ,2022-07-21 00:47:45
247,Bonavista,48.6499,-53.1147,59.02,93,100,22.3,CA,2022-07-21 00:44:23
248,Sitka,57.0531,-135.33,55.29,82,100,8.05,US,2022-07-21 00:47:45
249,Ahipara,-35.1667,173.1667,56.73,71,12,21.65,NZ,2022-07-21 00:47:46
250,Bilimbay,56.9689,59.8149,51.12,95,11,6.24,RU,2022-07-21 00:47:46
251,Tagab,34.855,69.6492,79.81,47,0,0.85,AF,2022-07-21 00:47:46
252,Gushikawa,26.3544,127.8686,90.63,70,65,13.87,JP,2022-07-21 00:47:47
253,Keuruu,62.2667,24.7,54.81,79,58,1.97,FI,2022-07-21 00:47:47
254,Asilah,35.465,-6.0348,75.16,73,0,5.88,MA,2022-07-21 00:47:47
255,Yarada,17.65,83.2667,82.72,83,40,3.44,IN,2022-07-21 00:47:47
256,La Massana,42.5667,1.4833,56.32,89,0,0.72,AD,2022-07-21 00:47:48
257,Babocsa,46.0416,17.3433,67.1,45,0,3.04,HU,2022-07-21 00:47:48
258,Rurrenabaque,-14.4413,-67.5278,73.71,72,32,1.3,BO,2022-07-21 00:47:48
259,Champerico,14.3,-91.9167,84.74,77,100,6.69,GT,2022-07-21 00:47:49
260,Saint-Augustin,51.226,-58.6502,55.22,88,100,15.99,CA,2022-07-21 00:47:49
261,Ixtapa,20.7,-105.2,83.79,85,97,2.73,MX,2022-07-21 00:47:49
262,Sucua,-2.4667,-78.1667,66.96,82,100,3.11,EC,2022-07-21 00:47:50
263,Najran,17.4924,44.1277,84.85,51,100,7.83,SA,2022-07-21 00:47:50
264,Luanda,-8.8368,13.2343,66.2,94,20,4.61,AO,2022-07-21 00:43:35
265,Chake Chake,-5.2459,39.7666,73.13,77,10,11.65,TZ,2022-07-21 00:47:50
266,Urumqi,43.801,87.6005,68.95,35,0,17.9,CN,2022-07-21 00:47:51
267,Sao Felix Do Xingu,-6.6447,-51.995,80.42,46,100,1.28,BR,2022-07-21 00:46:35
268,Plotnikovo,55.0247,85.9436,57.54,89,100,8.12,RU,2022-07-21 00:47:51
269,Yatou,37.15,122.3833,75.96,75,56,8.46,CN,2022-07-21 00:47:51
270,Changping,40.2186,116.2197,82.04,55,8,2.51,CN,2022-07-21 00:47:52
271,Hoquiam,46.9809,-123.8893,77.85,77,0,12.66,US,2022-07-21 00:47:52
272,Roald,62.5833,6.1333,61.16,88,100,5.75,NO,2022-07-21 00:47:52
273,Jackson,42.4165,-122.8345,100.74,17,0,13.8,US,2022-07-21 00:47:20
274,Chuy,-33.6971,-53.4616,57.2,95,81,7.52,UY,2022-07-21 00:47:53
275,Iskateley,67.6803,53.1512,50.04,87,100,13.02,RU,2022-07-21 00:47:53
276,Kaduqli,11.0167,29.7167,72.63,88,100,1.39,SD,2022-07-21 00:48:53
277,Pangnirtung,66.1451,-65.7125,45.54,87,100,0.29,CA,2022-07-21 00:48:54
278,Alihe,50.5667,123.7167,81.36,58,80,1.05,CN,2022-07-21 00:48:54
279,Beringovskiy,63.05,179.3167,44.1,74,100,14.92,RU,2022-07-21 00:48:54
280,Khandyga,62.6667,135.6,82.72,50,5,2.15,RU,2022-07-21 00:46:33
281,Los Llanos De Aridane,28.6585,-17.9182,67.75,83,20,16.11,ES,2022-07-21 00:48:55
282,Jaguaribe,-5.8906,-38.6219,77.05,51,89,3.0,BR,2022-07-21 00:48:55
283,Vanimo,-2.6741,141.3028,83.23,70,83,6.38,PG,2022-07-21 00:48:55
284,Tambacounda,13.7539,-13.7586,80.65,83,0,4.61,SN,2022-07-21 00:48:56
285,Tame,6.461,-71.73,71.55,96,63,2.64,CO,2022-07-21 00:48:56
286,Itoman,26.1247,127.6694,91.4,84,20,8.05,JP,2022-07-21 00:48:56
287,Porto Seguro,-16.4497,-39.0647,70.32,94,40,2.3,BR,2022-07-21 00:48:57
288,Lavrentiya,65.5833,-171.0,42.85,69,100,25.5,RU,2022-07-21 00:48:57
289,Tiksi,71.6872,128.8694,40.6,83,12,22.03,RU,2022-07-21 00:48:57
290,Vestmannaeyjar,63.4427,-20.2734,52.09,84,73,14.0,IS,2022-07-21 00:48:58
291,Sao Filipe,14.8961,-24.4956,76.05,88,71,4.27,CV,2022-07-21 00:48:58
292,La Palma,33.8464,-118.0467,99.97,55,0,11.5,US,2022-07-21 00:48:58
293,Thyolo,-16.0678,35.1405,56.37,82,10,2.15,MW,2022-07-21 00:48:59
294,Santa Isabel,-23.3156,-46.2214,63.7,97,36,2.24,BR,2022-07-21 00:48:59
295,Verdun,49.25,5.3333,64.17,94,6,6.33,FR,2022-07-21 00:48:59
296,Cherskiy,68.75,161.3,47.8,39,8,18.19,RU,2022-07-21 00:49:00
297,Kulhudhuffushi,6.6221,73.07,80.85,74,100,21.16,MV,2022-07-21 00:49:00
298,Sur,22.5667,59.5289,83.23,77,100,13.38,OM,2022-07-21 00:49:00
299,Iquique,-20.2208,-70.1431,59.04,78,75,2.51,CL,2022-07-21 00:49:01
300,Makakilo City,21.3469,-158.0858,82.72,62,75,19.57,US,2022-07-21 00:47:25
301,Upernavik,72.7868,-56.1549,48.11,70,100,7.78,GL,2022-07-21 00:46:11
302,Isangel,-19.55,169.2667,82.51,78,75,6.91,VU,2022-07-21 00:49:01
303,Tautira,-17.7333,-149.15,76.37,73,21,9.64,PF,2022-07-21 00:49:02
304,Vigeland,58.0844,7.305,64.94,79,100,3.13,NO,2022-07-21 00:49:02
305,Mnogovershinnyy,53.9353,139.9242,62.62,68,98,6.62,RU,2022-07-21 00:49:02
306,Cairns,-16.9167,145.7667,81.1,67,40,13.8,AU,2022-07-21 00:49:03
307,Chiredzi,-21.05,31.6667,62.24,87,79,5.19,ZW,2022-07-21 00:49:03
308,Esperance,-33.8667,121.9,56.26,78,100,19.24,AU,2022-07-21 00:49:03
309,Adrar,20.5022,-10.0711,88.99,29,29,8.95,MR,2022-07-21 00:49:04
310,Coahuayana,18.7333,-103.6833,84.78,80,17,3.8,MX,2022-07-21 00:45:24
311,Pekin,39.9075,116.3972,82.29,57,33,0.87,CN,2022-07-21 00:44:31
312,Tahta,26.7693,31.5021,82.69,28,0,10.2,EG,2022-07-21 00:49:04
313,Diu,20.7141,70.9822,79.79,87,100,14.09,IN,2022-07-21 00:47:30
314,Huron,41.1501,-82.5499,80.73,91,0,15.5,US,2022-07-21 00:49:05
315,Brus,43.3836,21.0336,65.68,46,0,5.37,RS,2022-07-21 00:49:05
316,San Severino Marche,43.2281,13.1802,79.54,48,0,4.63,IT,2022-07-21 00:49:06
317,Uruguaiana,-29.7547,-57.0883,67.93,100,0,4.61,BR,2022-07-21 00:49:06
318,Brownsville,25.9018,-97.4975,89.6,70,40,21.85,US,2022-07-21 00:45:02
319,Iqaluit,63.7506,-68.5145,46.13,93,100,2.3,CA,2022-07-21 00:49:06
320,Taoudenni,22.6783,-3.9836,93.43,31,99,11.39,ML,2022-07-21 00:49:07
321,Xining,36.6167,101.7667,52.45,96,100,4.16,CN,2022-07-21 00:50:07
322,Sligo,54.2697,-8.4694,51.69,88,100,4.09,IE,2022-07-21 00:50:07
323,Kedrovyy,56.1667,91.8167,55.81,83,26,5.35,RU,2022-07-21 00:50:08
324,Cururupu,-1.8283,-44.8683,73.69,93,77,2.8,BR,2022-07-21 00:50:08
325,Beaverlodge,55.2166,-119.4361,74.55,43,14,13.53,CA,2022-07-21 00:50:08
326,Turayf,31.6725,38.6637,79.05,44,0,11.5,SA,2022-07-21 00:50:08
327,Sabla,12.7525,4.7077,79.72,70,100,7.54,NG,2022-07-21 00:50:09
328,Ulladulla,-35.35,150.4667,57.13,73,96,7.61,AU,2022-07-21 00:50:09
329,Mahanje,-9.9333,35.3333,60.55,71,98,1.48,TZ,2022-07-21 00:50:10
330,Vilhena,-12.7406,-60.1458,67.05,45,35,3.36,BR,2022-07-21 00:50:10
331,Chabahar,25.2919,60.643,82.4,83,100,9.19,IR,2022-07-21 00:50:10
332,Russell,32.3502,-85.1999,88.83,73,100,9.64,US,2022-07-21 00:45:24
333,Keetmanshoop,-26.5833,18.1333,52.14,49,1,3.04,NA,2022-07-21 00:50:11
334,Pontal Do Parana,-25.6533,-48.5128,60.82,95,91,2.86,BR,2022-07-21 00:50:11
335,Luderitz,-26.6481,15.1594,55.74,62,0,14.61,NA,2022-07-21 00:50:11
336,San Cristobal,7.7669,-72.225,75.38,99,32,3.87,VE,2022-07-21 00:50:11
337,Yaan,7.3833,8.5667,72.32,92,100,5.66,NG,2022-07-21 00:50:12
338,Salekhard,66.53,66.6019,57.88,70,94,9.08,RU,2022-07-21 00:50:12
339,Totness,5.8833,-56.3167,77.77,86,16,9.57,SR,2022-07-21 00:50:13
340,Kholodnyy,62.7167,147.95,57.36,79,100,5.68,RU,2022-07-21 00:50:13
341,Gat,31.61,34.7642,76.41,100,0,3.24,IL,2022-07-21 00:47:04
342,Dobryatino,55.5055,41.3195,51.42,98,93,3.51,RU,2022-07-21 00:50:13
343,Kamaishi,39.2667,141.8833,76.59,76,100,4.68,JP,2022-07-21 00:47:44
344,Koumac,-20.5667,164.2833,81.19,68,88,4.21,NC,2022-07-21 00:50:14
345,Yulara,-25.2406,130.9889,55.98,35,10,12.86,AU,2022-07-21 00:50:14
346,Winnemucca,40.973,-117.7357,98.65,10,0,13.8,US,2022-07-21 00:50:14
347,Kathmandu,27.7167,85.3167,70.02,100,75,2.3,NP,2022-07-21 00:46:56
348,Balkhash,46.844,74.9804,77.61,41,0,13.42,KZ,2022-07-21 00:50:15
349,Cidreira,-30.1811,-50.2056,61.7,94,2,15.5,BR,2022-07-21 00:50:15
350,Mubi,10.2676,13.2644,69.53,97,100,1.95,NG,2022-07-21 00:50:15
351,Broome,42.2506,-75.833,84.67,60,0,10.36,US,2022-07-21 00:46:29
352,Yerbogachen,61.2767,108.0108,64.51,72,5,4.97,RU,2022-07-21 00:47:34
353,Luwero,0.8492,32.4731,59.11,67,32,2.1,UG,2022-07-21 00:50:16
354,Severo-Yeniseyskiy,60.3725,93.0408,58.53,68,40,4.05,RU,2022-07-21 00:50:16
355,Beira,-19.8436,34.8389,66.29,93,20,3.44,MZ,2022-07-21 00:50:16
356,Sabang,5.8933,95.3214,82.69,71,71,19.06,ID,2022-07-21 00:50:17
357,Emerald,-23.5333,148.1667,61.39,80,100,12.28,AU,2022-07-21 00:50:17
358,Viransehir,37.2353,39.7631,80.2,42,0,6.85,TR,2022-07-21 00:50:17
359,Lompoc,34.6391,-120.4579,89.78,66,0,14.97,US,2022-07-21 00:50:18
360,Xunchang,28.4543,104.715,78.76,66,65,1.1,CN,2022-07-21 00:50:18
361,Duluth,46.7833,-92.1066,81.07,51,0,14.97,US,2022-07-21 00:47:45
362,Puerto Ayacucho,5.6639,-67.6236,74.79,88,94,1.79,VE,2022-07-21 00:50:19
363,Tara,56.8944,74.371,60.37,99,100,3.2,RU,2022-07-21 00:50:19
364,Namibe,-15.1961,12.1522,62.29,79,0,8.39,AO,2022-07-21 00:50:19
365,Ambilobe,-13.2,49.05,68.23,67,1,8.3,MG,2022-07-21 00:50:19
366,Bandarbeyla,9.4942,50.8122,74.28,82,7,24.02,SO,2022-07-21 00:50:20
367,Spearfish,44.4908,-103.8594,88.86,19,0,16.11,US,2022-07-21 00:50:20
368,Tupik,54.4253,119.9327,66.47,85,86,0.63,RU,2022-07-21 00:50:20
369,Ossora,59.2353,163.0719,62.85,65,15,7.61,RU,2022-07-21 00:51:21
370,Atlantis,-33.5667,18.4834,43.99,80,0,3.47,ZA,2022-07-21 00:51:21
371,Lively,46.4334,-81.1498,70.72,91,86,8.7,CA,2022-07-21 00:51:21
372,Wenling,28.3669,121.36,86.18,79,85,7.4,CN,2022-07-21 00:51:22
373,Shimoda,34.6667,138.95,79.16,77,100,7.52,JP,2022-07-21 00:51:22
374,Portree,57.4129,-6.1942,53.53,95,84,4.25,GB,2022-07-21 00:51:22
375,Boffa,10.1667,-14.0333,74.5,96,100,3.87,GN,2022-07-21 00:51:23
376,Beli Potok,44.7061,20.5197,68.18,66,0,3.13,RS,2022-07-21 00:51:23
377,Partenit,44.578,34.3446,69.91,60,1,8.5,UA,2022-07-21 00:51:23
378,Pafos,34.7667,32.4167,74.98,60,0,4.61,CY,2022-07-21 00:51:24
379,Cape Coral,26.5629,-81.9495,89.65,70,0,4.61,US,2022-07-21 00:48:57
380,Krasnoselkup,65.7,82.4667,54.82,74,96,1.28,RU,2022-07-21 00:51:24
381,Amudat,1.95,34.95,66.83,70,98,2.53,UG,2022-07-21 00:51:24
382,Mendi,-6.1761,143.6513,61.48,91,95,2.98,PG,2022-07-21 00:51:25
383,Nouadhibou,20.931,-17.0347,69.78,94,20,5.75,MR,2022-07-21 00:51:25
384,San Policarpo,12.1791,125.5072,84.02,77,100,5.95,PH,2022-07-21 00:51:25
385,Kurayoshi,35.4333,133.8167,80.51,80,100,1.23,JP,2022-07-21 00:51:26
386,Soyaniquilpan,19.9833,-99.5,66.97,47,8,13.87,MX,2022-07-21 00:51:26
387,Sola,-13.8833,167.55,81.25,78,14,18.52,VU,2022-07-21 00:51:26
388,Hovd,48.0056,91.6419,59.45,47,0,1.21,MN,2022-07-21 00:51:27
389,Nishihara,26.1842,127.7558,90.68,84,20,8.05,JP,2022-07-21 00:51:27
390,College,64.8569,-147.8028,69.08,51,40,12.66,US,2022-07-21 00:51:27
391,Yumen,40.2833,97.2,64.35,42,0,19.42,CN,2022-07-21 00:51:28
392,Lamar,33.6668,-95.5836,100.31,37,0,3.44,US,2022-07-21 00:51:28
393,Pijijiapan,15.7011,-93.23,79.54,88,75,0.69,MX,2022-07-21 00:51:28
394,Rockland,41.1668,-74.0496,89.13,69,0,4.16,US,2022-07-21 00:51:29
395,Acapulco,16.8634,-99.8901,82.87,84,100,5.12,MX,2022-07-21 00:49:31
396,Oyama,36.3,139.8,87.58,57,100,3.38,JP,2022-07-21 00:51:29
397,Berlevag,70.8578,29.0864,55.4,100,40,0.0,NO,2022-07-21 00:51:29
398,Batemans Bay,-35.7167,150.1833,53.1,79,100,2.37,AU,2022-07-21 00:51:30
399,Sorland,67.667,12.6934,51.66,91,100,14.83,NO,2022-07-21 00:51:30
400,Katsuura,35.1333,140.3,80.64,77,100,9.46,JP,2022-07-21 00:51:30
401,Bafq,31.6128,55.4107,79.88,21,0,4.25,IR,2022-07-21 00:51:31
402,Buchanan,5.8808,-10.0467,74.98,78,100,10.56,LR,2022-07-21 00:48:29
403,Bereda,43.2686,-7.5406,63.41,98,96,5.82,ES,2022-07-21 00:51:31
404,Campbellsville,37.3434,-85.3419,87.91,63,73,1.99,US,2022-07-21 00:51:31
405,Hue,16.4667,107.6,86.11,79,20,2.3,VN,2022-07-21 00:51:32
406,Mitsamiouli,-11.3847,43.2844,75.27,66,0,9.4,KM,2022-07-21 00:48:11
407,Vagur,61.4732,-6.8119,49.41,89,99,15.99,FO,2022-07-21 00:51:32
408,San Jose,37.3394,-121.895,90.7,45,20,11.5,US,2022-07-21 00:48:36
409,Odweyne,9.4092,45.064,68.54,64,92,19.48,SO,2022-07-21 00:51:33
410,Kaohsiung,22.6163,120.3133,89.69,73,40,2.3,TW,2022-07-21 00:51:33
411,Port-Gentil,-0.7193,8.7815,74.03,85,100,13.06,GA,2022-07-21 00:51:33
412,Ucluelet,48.9329,-125.5528,61.11,86,12,1.99,CA,2022-07-21 00:51:33
413,Masingbi,8.7833,-11.95,71.94,100,100,2.15,SL,2022-07-21 00:51:34
414,Buraydah,26.326,43.975,84.65,13,89,5.12,SA,2022-07-21 00:51:34
415,Denpasar,-8.65,115.2167,78.46,83,75,10.36,ID,2022-07-21 00:51:03
416,Itoigawa,37.0333,137.85,80.02,83,100,3.13,JP,2022-07-21 00:51:35
417,Ostrovnoy,68.0531,39.5131,47.68,96,31,3.76,RU,2022-07-21 00:51:32
418,Visnes,59.3556,5.2242,57.81,88,100,14.97,NO,2022-07-21 00:52:35
419,Rio Grande,-32.035,-52.0986,59.95,92,0,12.12,BR,2022-07-21 00:49:41
420,Grand Gaube,-20.0064,57.6608,68.4,75,91,5.99,MU,2022-07-21 00:52:36
421,Semporna,4.4818,118.6112,83.1,75,29,2.04,MY,2022-07-21 00:52:36
422,Talnakh,69.4865,88.3972,56.21,65,100,7.92,RU,2022-07-21 00:52:36
423,Haines Junction,60.7522,-137.5108,55.35,54,100,5.75,CA,2022-07-21 00:52:36
424,Boa Vista,2.8197,-60.6733,84.18,65,40,3.44,BR,2022-07-21 00:47:59
425,Kampong Chhnang,12.1667,104.55,77.07,91,100,9.48,KH,2022-07-21 00:52:37
426,Mabaruma,8.2,-59.7833,72.79,98,100,2.86,GY,2022-07-21 00:52:37
427,Erenhot,43.6475,111.9767,82.74,24,4,7.18,CN,2022-07-21 00:52:38
428,Verkhnyaya Inta,65.9811,60.3094,61.92,60,60,5.53,RU,2022-07-21 00:52:38
429,Yonibana,8.4447,-12.245,72.07,99,100,4.34,SL,2022-07-21 00:52:38
430,Banff,51.1762,-115.5698,79.18,21,3,10.36,CA,2022-07-21 00:52:39
431,Tommot,58.9564,126.2925,74.01,63,9,4.5,RU,2022-07-21 00:52:39
432,Road Town,18.4167,-64.6167,82.49,83,40,12.66,VG,2022-07-21 00:52:39
433,Qaqortoq,60.7167,-46.0333,46.56,96,41,1.41,GL,2022-07-21 00:52:39
434,Beyneu,45.3167,55.2,80.2,29,35,15.66,KZ,2022-07-21 00:52:40
435,Nizhniy Ingash,56.2,96.53,65.43,60,42,4.29,RU,2022-07-21 00:52:40
436,Moose Factory,51.2585,-80.6094,68.0,77,75,17.27,CA,2022-07-21 00:52:41
437,Bac,45.3919,19.2367,62.6,37,0,3.8,RS,2022-07-21 00:52:41
438,Socorro,31.6546,-106.3033,98.46,30,100,12.26,US,2022-07-21 00:52:41
439,Mogadishu,2.0371,45.3438,74.82,84,64,18.68,SO,2022-07-21 00:52:41
440,Kangundo,-1.2979,37.3471,57.54,86,79,4.09,KE,2022-07-21 00:52:42
441,Andenes,69.3143,16.1194,56.93,88,75,4.61,NO,2022-07-21 00:52:42
442,Juegang,32.3174,121.1855,83.98,84,100,9.15,CN,2022-07-21 00:52:42
443,Nizhniy Tsasuchey,50.5167,115.1333,73.49,56,1,10.02,RU,2022-07-21 00:52:43
444,Leh,34.1667,77.5833,61.07,20,100,8.72,IN,2022-07-21 00:52:43
445,Popondetta,-8.7537,148.2534,85.21,64,69,3.89,PG,2022-07-21 00:52:43
446,Poum,-20.2333,164.0167,78.08,80,68,17.31,NC,2022-07-21 00:52:44
447,Bayanday,53.0661,105.5139,64.17,59,76,4.99,RU,2022-07-21 00:52:44
448,Linden,6.0,-58.3,73.13,98,100,2.68,GY,2022-07-21 00:52:44
449,Codrington,-38.2667,141.9667,53.69,56,5,6.4,AU,2022-07-21 00:51:37
450,Rosetta,31.4044,30.4164,76.53,72,0,15.55,EG,2022-07-21 00:52:45
451,Aragats,40.4889,44.3528,65.77,80,0,5.99,AM,2022-07-21 00:52:45
452,Salisbury,51.0693,-1.7957,65.53,78,75,8.05,GB,2022-07-21 00:52:46
453,Tazovskiy,67.4667,78.7,45.5,87,100,10.89,RU,2022-07-21 00:52:46
454,Guadalupe Y Calvo,26.1,-106.9667,57.13,92,100,1.95,MX,2022-07-21 00:52:46
455,Gimli,50.6336,-96.9907,70.34,66,0,17.0,CA,2022-07-21 00:49:34
456,Nome,64.5011,-165.4064,48.27,87,100,11.5,US,2022-07-21 00:52:47
457,Xiuyan,40.2928,123.2744,70.57,84,100,2.71,CN,2022-07-21 00:52:47
458,Ondjiva,-17.0667,15.7333,52.39,37,0,7.38,AO,2022-07-21 00:52:47
459,Kropotkin,45.4375,40.5756,60.35,66,0,7.47,RU,2022-07-21 00:52:48
460,Ingham,42.6,-84.3833,80.78,64,40,4.61,US,2022-07-21 00:52:48
461,Kenai,60.5544,-151.2583,57.02,90,100,10.36,US,2022-07-21 00:51:55
462,Rabo De Peixe,37.8,-25.5833,69.31,88,75,3.44,PT,2022-07-21 00:52:48
463,Nacala,-14.5428,40.6728,66.11,85,9,5.08,MZ,2022-07-21 00:52:49
464,Chimoio,-19.1164,33.4833,60.66,100,40,1.28,MZ,2022-07-21 00:53:49
465,Muros,42.7762,-9.0603,67.08,81,5,10.11,ES,2022-07-21 00:53:49
466,Usinsk,65.9939,57.5281,63.91,62,98,7.31,RU,2022-07-21 00:53:50
467,Ilave,-16.0833,-69.6667,38.28,39,14,4.88,PE,2022-07-21 00:53:50
468,Vostok,46.4856,135.8833,68.11,90,84,2.37,RU,2022-07-21 00:53:50
469,Diamantino,-14.4086,-56.4461,73.11,42,10,4.61,BR,2022-07-21 00:53:51
470,Bud,39.447,-86.1758,87.64,79,0,8.48,US,2022-07-21 00:53:51
471,Le Mans,48.0,0.2,67.93,77,100,3.44,FR,2022-07-21 00:50:35
472,Naples,40.8333,14.25,79.75,68,0,3.44,IT,2022-07-21 00:49:30
473,Eravur,7.7733,81.6095,79.65,83,100,2.15,LK,2022-07-21 00:53:51
474,Zonguldak,41.25,31.8333,52.9,84,0,4.52,TR,2022-07-21 00:53:52
475,Tacna,-18.0056,-70.2483,53.8,82,100,3.44,PE,2022-07-21 00:53:52
476,Olot,42.181,2.4901,72.61,80,0,4.27,ES,2022-07-21 00:53:52
477,Concordia,-31.393,-58.0209,65.79,96,100,7.0,AR,2022-07-21 00:50:14
478,Liuli,-11.0833,34.6333,69.8,63,14,5.06,TZ,2022-07-21 00:53:53
479,Ntoum,0.3833,9.7833,76.77,86,100,4.18,GA,2022-07-21 00:53:53
480,Kaeo,-35.1,173.7833,60.33,84,1,17.67,NZ,2022-07-21 00:50:10
481,Borogontsy,62.6683,131.1683,80.89,51,98,7.58,RU,2022-07-21 00:53:54
482,Lindenberg,49.3803,8.0986,66.99,94,9,6.49,DE,2022-07-21 00:53:54
483,Cap Malheureux,-19.9842,57.6142,65.46,75,89,5.99,MU,2022-07-21 00:53:54
484,Xiaoshi,41.2971,124.1209,67.26,94,100,0.96,CN,2022-07-21 00:53:55
485,Havoysund,70.9963,24.6622,57.43,80,74,11.01,NO,2022-07-21 00:53:55
486,Katangli,51.7102,143.2326,52.86,99,100,9.66,RU,2022-07-21 00:49:02
487,Morgan City,29.6994,-91.2068,87.01,79,5,8.97,US,2022-07-21 00:53:55
488,Portsmouth,50.799,-1.0913,66.97,83,100,5.01,GB,2022-07-21 00:53:56
489,Along,28.1667,94.7667,77.0,98,100,0.49,IN,2022-07-21 00:53:56
490,Ketchikan,55.3422,-131.6461,58.21,75,100,9.1,US,2022-07-21 00:53:56
491,Houston,29.7633,-95.3633,95.38,63,0,17.27,US,2022-07-21 00:51:20
492,Truth Or Consequences,33.1284,-107.2528,91.63,32,0,21.85,US,2022-07-21 00:53:57
493,Lesozavodsk,45.4794,133.4244,71.2,88,95,5.95,RU,2022-07-21 00:53:57
494,Westport,41.1415,-73.3579,85.33,67,0,11.5,US,2022-07-21 00:51:03
495,San Andres,12.5847,-81.7006,84.22,79,40,9.22,CO,2022-07-21 00:53:57
496,La Rioja,42.25,-2.5,58.78,80,0,3.31,ES,2022-07-21 00:53:58
497,Kamenka,51.3223,42.7678,57.07,94,100,5.75,RU,2022-07-21 00:53:58
498,Faanui,-16.4833,-151.75,78.08,69,8,10.45,PF,2022-07-21 00:53:58
499,Mae Sai,20.4335,99.8762,76.75,95,100,2.08,TH,2022-07-21 00:53:59
500,Kasempa,-13.4584,25.8338,63.07,59,94,7.02,ZM,2022-07-21 00:53:59
501,Agadir,30.4202,-9.5982,79.25,32,51,5.7,MA,2022-07-21 00:53:59
502,Vila Franca Do Campo,37.7167,-25.4333,70.21,89,50,3.09,PT,2022-07-21 00:54:00
503,Mayumba,-3.432,10.6554,69.42,95,45,5.41,GA,2022-07-21 00:54:00
504,Hofn,64.2539,-15.2082,52.11,71,14,4.14,IS,2022-07-21 00:49:30
505,Sokoto,13.0609,5.239,76.39,81,100,13.18,NG,2022-07-21 00:54:00
506,Cayenne,4.9333,-52.3333,81.09,1,0,0.0,GF,2022-07-21 00:54:01
507,Belaya Gora,68.5333,146.4167,56.53,51,19,6.2,RU,2022-07-21 00:54:01
508,Flin Flon,54.7682,-101.865,66.61,52,97,12.48,CA,2022-07-21 00:54:01
509,Podor,16.6527,-14.9587,82.35,78,0,4.61,MR,2022-07-21 00:54:02
510,Dilijan,40.741,44.8636,58.93,89,0,1.66,AM,2022-07-21 00:55:02
511,Tarko-Sale,64.9225,77.785,54.09,65,63,9.55,RU,2022-07-21 00:55:02
512,Labuhan,-6.8844,112.2051,78.96,72,7,13.04,ID,2022-07-21 00:55:03
513,Ransang,8.9603,117.5828,83.79,71,100,1.72,PH,2022-07-21 00:55:03
514,Lamesa,32.7376,-101.951,94.33,24,70,14.58,US,2022-07-21 00:55:03
515,Hadejia,12.4498,10.0444,74.79,77,100,4.34,NG,2022-07-21 00:55:04
516,Rocky Mountain House,52.3668,-114.9188,73.51,38,8,2.3,CA,2022-07-21 00:54:02
517,Dongobesh,-4.0667,35.3833,49.89,92,60,9.95,TZ,2022-07-21 00:55:04
518,Madeji,27.7544,68.4526,86.02,69,11,10.94,PK,2022-07-21 00:55:04
519,Biu,10.6129,12.1946,66.0,94,100,1.25,NG,2022-07-21 00:55:05
520,Maiduguri,11.8464,13.1603,73.29,78,100,4.61,NG,2022-07-21 00:55:05
521,Cachira,7.741,-73.0483,58.3,98,95,4.21,CO,2022-07-21 00:55:05
522,High Level,58.5169,-117.136,73.51,46,40,3.44,CA,2022-07-21 00:55:06
523,Pueblo Bello,8.2041,-76.526,73.9,97,97,3.22,CO,2022-07-21 00:55:06
524,Fenyeslitke,48.2713,22.1001,66.83,61,0,8.19,HU,2022-07-21 00:55:06
525,Pacific Grove,36.6177,-121.9166,80.24,85,44,5.99,US,2022-07-21 00:55:07
526,Yar-Sale,66.8333,70.8333,53.38,61,93,13.67,RU,2022-07-21 00:55:07
527,Imbituba,-28.24,-48.6703,64.09,93,10,15.99,BR,2022-07-21 00:55:07
528,Dmitriyevka,54.75,55.3333,54.95,80,100,2.89,RU,2022-07-21 00:55:08
529,Horsham,51.064,-0.3272,65.01,93,40,5.75,GB,2022-07-21 00:55:08
530,Clyde River,70.4692,-68.5914,37.63,93,100,11.5,CA,2022-07-21 00:55:08
531,Trairi,-3.2778,-39.2689,77.2,79,80,12.28,BR,2022-07-21 00:50:48
532,Hukay,13.8452,120.7029,83.98,74,100,9.91,PH,2022-07-21 00:55:09
533,Tocopilla,-22.092,-70.1979,60.42,77,50,0.76,CL,2022-07-21 00:51:53
534,Beaumont,30.0861,-94.1019,89.58,66,40,10.36,US,2022-07-21 00:55:09
535,Carlos Antonio Lopez,-26.4,-54.7667,63.97,94,58,3.13,PY,2022-07-21 00:55:10
536,Muisne,0.6,-80.0333,73.72,86,100,7.25,EC,2022-07-21 00:55:10
537,Camacha,33.0833,-16.3333,67.42,78,75,10.36,PT,2022-07-21 00:55:10
538,Konstantinovka,49.6167,127.9833,74.88,67,100,5.44,RU,2022-07-21 00:55:10
539,Inndyr,67.0338,14.0276,55.78,96,100,5.1,NO,2022-07-21 00:55:11
540,Henties Bay,-22.116,14.2845,54.19,87,0,4.9,NA,2022-07-21 00:55:11
541,Lerwick,60.1545,-1.1494,53.6,88,100,16.26,GB,2022-07-21 00:55:11
542,Caravelas,-17.7125,-39.2481,70.88,79,0,6.24,BR,2022-07-21 00:55:12
543,Baykit,61.67,96.37,62.22,70,28,3.69,RU,2022-07-21 00:55:12
544,New Glasgow,45.5834,-62.6486,71.38,81,0,5.44,CA,2022-07-21 00:50:50
545,Priupskiy,53.9096,37.736,50.36,98,96,7.49,RU,2022-07-21 00:55:12
546,Laguna,38.421,-121.4238,105.15,18,0,10.36,US,2022-07-21 00:55:13
547,Mangit,40.5971,70.9607,82.74,19,0,3.98,UZ,2022-07-21 00:55:13
548,Sept-Iles,50.2001,-66.3821,75.72,50,20,8.05,CA,2022-07-21 00:55:13
549,Dicabisagan,17.0818,122.4157,86.23,71,91,4.12,PH,2022-07-21 00:55:14
550,Manta,-0.95,-80.7333,71.38,83,75,9.22,EC,2022-07-21 00:55:14
551,Abashiri,44.0213,144.2697,59.29,88,75,6.91,JP,2022-07-21 00:55:14
552,Hualmay,-11.0964,-77.6139,61.74,83,55,9.62,PE,2022-07-21 00:51:38
553,Oranjestad,12.524,-70.027,82.35,78,20,24.16,AW,2022-07-21 00:55:15
554,Seoul,37.5683,126.9778,72.84,97,100,10.36,KR,2022-07-21 00:54:42
555,Conakry,9.538,-13.6773,75.27,94,75,6.91,GN,2022-07-21 00:55:15
556,Zaysan,47.4667,84.8667,74.28,26,37,1.21,KZ,2022-07-21 00:55:16
557,Bambari,5.768,20.6757,68.76,98,60,1.5,CF,2022-07-21 00:55:16
558,Ambon,-3.6954,128.1814,78.94,89,40,5.75,ID,2022-07-21 00:55:16
559,Hobyo,5.3505,48.5268,74.82,80,69,23.4,SO,2022-07-21 00:56:16
560,Zhanakorgan,43.9098,67.2495,88.45,19,0,8.39,KZ,2022-07-21 00:56:17
561,Nadym,65.5333,72.5167,54.27,61,20,11.54,RU,2022-07-21 00:56:17
562,Coos Bay,43.3665,-124.2179,73.31,88,100,14.97,US,2022-07-21 00:51:27
563,Nushki,29.5542,66.0215,84.92,47,3,8.5,PK,2022-07-21 00:56:18
564,Monte Alegre,-2.0078,-54.0692,75.45,88,49,4.41,BR,2022-07-21 00:56:18
565,Atar,20.5169,-13.0499,85.89,47,18,11.43,MR,2022-07-21 00:56:18
566,Erdenet,49.0333,104.0833,54.97,74,100,6.33,MN,2022-07-21 00:56:19
567,Stornoway,58.2093,-6.3865,53.92,89,75,3.0,GB,2022-07-21 00:56:19
568,Ajdabiya,30.7554,20.2263,73.06,63,0,8.66,LY,2022-07-21 00:56:19
569,Manokwari,-0.8667,134.0833,82.47,70,74,0.94,ID,2022-07-21 00:56:20
570,Goderich,43.7501,-81.7165,75.9,78,15,12.66,CA,2022-07-21 00:56:20
571,Port Macquarie,-31.4333,152.9167,57.88,73,100,15.73,AU,2022-07-21 00:56:13
572,Kalemie,-5.9475,29.1947,69.57,60,0,1.19,CD,2022-07-21 00:56:20
573,Mashiko,36.4667,140.1,81.81,62,100,3.6,JP,2022-07-21 00:56:21
574,Sumenep,-7.0167,113.8667,81.43,67,38,10.96,ID,2022-07-21 00:56:21
575,Havre-Saint-Pierre,50.2334,-63.5986,70.16,64,40,12.66,CA,2022-07-21 00:56:21
576,Gerash,27.6652,54.1371,86.14,57,23,2.86,IR,2022-07-21 00:56:22
577,Abu Samrah,35.3029,37.1841,74.46,63,0,16.78,SY,2022-07-21 00:56:22
578,Jaguey Grande,22.5269,-81.1286,78.87,82,34,5.14,CU,2022-07-21 00:56:22
579,Carutapera,-1.195,-46.02,76.06,87,23,5.28,BR,2022-07-21 00:53:18
580,Awbari,26.5921,12.7805,78.93,23,0,8.81,LY,2022-07-21 00:56:23
581,Bondo,3.8146,23.6866,67.69,99,92,1.9,CD,2022-07-21 00:56:23
582,Gorontalo,0.5412,123.0595,84.29,71,9,2.89,ID,2022-07-21 00:52:35
583,Antofagasta,-23.65,-70.4,56.48,79,100,2.17,CL,2022-07-21 00:56:24
584,Fenoarivo,-18.933,47.4354,53.67,100,75,8.05,MG,2022-07-21 00:56:24
585,Algiers,36.7525,3.042,71.42,88,20,2.3,DZ,2022-07-21 00:56:24
586,Togul,53.465,85.9128,61.97,65,100,5.79,RU,2022-07-21 00:56:25
587,Kikwit,-5.041,18.8162,74.95,65,6,0.81,CD,2022-07-21 00:56:25
588,Pionerskiy,54.9508,20.2275,60.75,79,0,9.62,RU,2022-07-21 00:56:25
589,Dudinka,69.4058,86.1778,56.62,78,100,9.24,RU,2022-07-21 00:56:26
590,Ranong,9.9658,98.6348,76.93,93,100,5.91,TH,2022-07-21 00:56:26
591,Kitgum,3.2783,32.8867,64.94,95,67,1.41,UG,2022-07-21 00:56:26
592,West Wendover,40.7391,-114.0733,90.23,19,14,2.66,US,2022-07-21 00:56:26
593,Karaton,-6.3424,106.1045,77.13,85,2,1.83,ID,2022-07-21 00:56:27
594,Abbotsford,49.058,-122.2526,83.97,45,20,10.36,CA,2022-07-21 00:54:22
595,Houma,29.5958,-90.7195,88.0,70,40,8.05,US,2022-07-21 00:53:19
596,Ende,-8.8432,121.6623,79.47,70,52,3.11,ID,2022-07-21 00:56:27
597,Boali,4.8005,18.1275,69.55,96,100,1.16,CF,2022-07-21 00:56:28
598,Nzerekore,7.7562,-8.8179,67.39,98,100,4.47,GN,2022-07-21 00:56:28
599,Pangoa,-12.1167,-73.0,70.77,80,76,1.66,PE,2022-07-21 00:56:28
600,Taicheng,38.731,113.228,74.57,54,0,4.27,CN,2022-07-21 00:56:29
601,Whitefish,48.4111,-114.3376,87.06,31,0,10.51,US,2022-07-21 00:56:29
602,Bara,10.3744,10.7288,71.46,91,99,2.15,NG,2022-07-21 00:57:29
603,Jalalabad,34.4265,70.4515,88.92,60,0,4.83,AF,2022-07-21 00:57:30
604,Mhlume,-26.0333,31.85,79.83,90,93,4.99,SZ,2022-07-21 00:57:30
605,Gold Coast,-28.0,153.4333,64.47,85,75,19.57,AU,2022-07-21 00:55:36
606,Darnah,32.767,22.6367,75.97,65,0,24.49,LY,2022-07-21 00:56:02
607,Kyela,-9.5833,33.85,65.32,77,39,2.01,TZ,2022-07-21 00:57:30
608,Quatre Cocos,-20.2078,57.7625,68.11,70,91,20.98,MU,2022-07-21 00:57:31
609,Nogales,31.3086,-110.9422,91.24,39,32,17.56,MX,2022-07-21 00:57:31
610,Cody,44.5263,-109.0565,88.65,16,71,9.46,US,2022-07-21 00:57:31
611,Ishigaki,24.3448,124.1572,87.93,84,40,10.36,JP,2022-07-21 00:57:32
612,Evensk,61.95,159.2333,67.8,33,16,1.68,RU,2022-07-21 00:57:32
613,Aksarayskiy,46.7924,48.0119,67.28,89,87,6.6,RU,2022-07-21 00:57:32
614,Sindor,62.8629,51.8905,56.37,92,13,2.37,RU,2022-07-21 00:57:33
615,Fairbanks,64.8378,-147.7164,69.1,51,76,1.99,US,2022-07-21 00:53:05
616,Rozivka,46.9385,35.7724,64.49,80,100,10.31,UA,2022-07-21 00:57:33
617,Barra Patuca,15.8,-84.2833,79.3,85,7,7.92,HN,2022-07-21 00:57:33
618,Zhezkazgan,47.8043,67.7144,75.18,41,40,6.71,KZ,2022-07-21 00:57:34
619,Corralillo,22.9819,-80.5856,81.57,77,6,13.65,CU,2022-07-21 00:57:34
620,Zyryanka,65.75,150.85,58.53,45,46,4.65,RU,2022-07-21 00:57:34
621,Leninskoye,41.7589,69.3864,80.98,19,0,3.29,KZ,2022-07-21 00:57:35
622,Kavieng,-2.5744,150.7967,83.08,75,96,11.99,PG,2022-07-21 00:55:40
623,Aitape,-3.1374,142.3475,85.44,64,81,5.48,PG,2022-07-21 00:57:35
624,Meadow Lake,34.8014,-106.5436,98.47,27,33,13.47,US,2022-07-21 00:57:35
625,Edd,13.9297,41.6925,89.85,53,100,5.77,ER,2022-07-21 00:57:36
626,North Bend,43.4065,-124.2243,73.24,89,38,1.01,US,2022-07-21 00:57:36
627,Kokopo,-4.352,152.2633,84.34,63,97,5.44,PG,2022-07-21 00:57:36
628,La Primavera,5.4906,-70.4092,74.03,93,100,4.34,CO,2022-07-21 00:57:36
629,Sembe,1.6481,14.5806,70.81,95,100,1.28,CG,2022-07-21 00:57:37
630,Capitao Poco,-1.7464,-47.0594,74.98,89,99,3.87,BR,2022-07-21 00:57:37
631,Amapa,1.0,-52.0,71.76,99,11,1.25,BR,2022-07-21 00:57:37
632,Puerto Baquerizo Moreno,-0.9,-89.6,69.26,79,94,14.16,EC,2022-07-21 00:57:38
633,Hambantota,6.1241,81.1185,75.54,100,20,3.44,LK,2022-07-21 00:57:38
634,Qinggang,46.6833,126.0833,79.05,65,6,7.4,CN,2022-07-21 00:57:38
635,Khilok,51.3674,110.4676,64.83,58,15,4.88,RU,2022-07-21 00:57:39
636,Inuvik,68.3499,-133.7218,65.41,57,75,9.22,CA,2022-07-21 00:56:20
637,Issoudun,47.0,1.8333,62.29,88,0,8.05,FR,2022-07-21 00:57:39
638,Lokachi,50.737,24.6494,55.74,90,0,5.55,UA,2022-07-21 00:57:39
639,Jvari,42.7169,42.052,66.63,99,100,1.63,GE,2022-07-21 00:57:40
640,Puerto Escondido,15.85,-97.0667,82.04,82,100,3.98,MX,2022-07-21 00:57:40
641,Yarmouth,41.7057,-70.2286,79.14,86,5,1.99,US,2022-07-21 00:57:40
642,Springfield,37.2153,-93.2982,93.97,36,0,3.0,US,2022-07-21 00:57:41
643,Sarangani,5.4033,125.4636,83.05,69,73,1.57,PH,2022-07-21 00:57:41
644,Fort Nelson,58.8053,-122.7002,74.79,35,75,5.75,CA,2022-07-21 00:57:41
645,Waddan,29.1614,16.139,75.42,64,0,5.95,LY,2022-07-21 00:53:23
646,Rocha,-34.4833,-54.3333,58.57,92,94,9.48,UY,2022-07-21 00:57:42
647,Linares,-35.85,-71.6,46.85,87,3,3.62,CL,2022-07-21 00:57:42
648,Mount Isa,-20.7333,139.5,64.17,27,0,12.66,AU,2022-07-21 00:57:42
649,Lima,-12.0432,-77.0282,57.45,82,100,9.22,PE,2022-07-21 00:53:54
650,Demyansk,57.643,32.466,60.08,85,51,8.68,RU,2022-07-21 00:58:43
651,Loiza,18.4313,-65.8802,83.07,89,40,13.35,PR,2022-07-21 00:58:43
652,Loreto,22.2667,-101.9667,81.41,25,13,12.08,MX,2022-07-21 00:58:43
653,Robe,-37.1833,139.75,51.89,62,97,15.7,AU,2022-07-21 00:58:44
654,Areosa,41.7178,-8.8571,65.46,80,0,5.61,PT,2022-07-21 00:58:44
655,Zhigansk,66.7697,123.3711,51.57,68,100,10.58,RU,2022-07-21 00:58:44
656,Robertsport,6.7533,-11.3686,76.5,79,100,15.48,LR,2022-07-21 00:58:45
657,Sioux Lookout,50.1001,-91.917,78.87,50,20,6.91,CA,2022-07-21 00:58:45
658,Geraldton,-28.7667,114.6,63.01,94,75,8.05,AU,2022-07-21 00:58:45
659,Grootfontein,-19.5667,18.1167,49.32,42,0,4.38,NA,2022-07-21 00:58:46
660,Brae,60.3964,-1.353,51.94,87,87,17.2,GB,2022-07-21 00:58:46
661,Enfield,-34.8526,138.6026,60.42,62,0,5.01,AU,2022-07-21 00:58:46
662,Banda Aceh,5.5577,95.3222,82.42,66,68,12.64,ID,2022-07-21 00:58:46
663,Udachnyy,66.4167,112.4,50.45,93,100,8.55,RU,2022-07-21 00:58:47
664,Qinnan,33.2531,119.9133,79.52,75,13,5.35,CN,2022-07-21 00:58:47
665,Gigmoto,13.7796,124.39,84.09,79,100,5.68,PH,2022-07-21 00:58:47
666,Tumut,-35.3,148.2167,57.16,59,83,12.21,AU,2022-07-21 00:58:48
667,Benguela,-12.5763,13.4055,66.04,90,17,4.34,AO,2022-07-21 00:58:48
668,Agadez,19.75,10.25,86.67,14,5,11.1,NE,2022-07-21 00:58:48
669,San Ramon De La Nueva Oran,-23.1322,-64.326,61.43,64,14,1.23,AR,2022-07-21 00:58:49
670,Kirovo-Chepetsk,58.5539,50.0399,51.17,95,10,1.25,RU,2022-07-21 00:58:49
671,Hamilton,39.1834,-84.5333,88.75,77,0,4.0,US,2022-07-21 00:57:01
672,Trincomalee,8.5711,81.2335,79.7,82,50,16.06,LK,2022-07-21 00:58:49
673,Bonthe,7.5264,-12.505,74.44,90,100,11.07,SL,2022-07-21 00:58:50
674,Ukiah,39.1502,-123.2078,100.44,11,0,11.5,US,2022-07-21 00:55:03
675,Hazorasp,41.3194,61.0742,75.04,21,0,9.93,UZ,2022-07-21 00:58:50
676,Mirassol,-20.8192,-49.5211,78.48,36,0,3.44,BR,2022-07-21 00:58:50
677,Parrita,9.5201,-84.3225,76.86,91,100,2.77,CR,2022-07-21 00:58:51
678,Adet,11.2644,37.4888,55.27,93,100,1.21,ET,2022-07-21 00:58:51
679,Brownwood,31.7093,-98.9912,104.0,27,12,14.83,US,2022-07-21 00:58:51
680,General Pico,-35.6566,-63.7568,52.14,54,5,7.47,AR,2022-07-21 00:58:52
681,Mandalgovi,45.7625,106.2708,66.9,55,100,10.92,MN,2022-07-21 00:58:52
682,Pervomayskoye,43.919,46.7102,67.64,84,32,2.19,RU,2022-07-21 00:58:52
683,Ritchie,-29.038,24.6028,56.41,47,42,1.81,ZA,2022-07-21 00:54:15
684,Itapuranga,-15.5622,-49.9486,67.96,41,4,4.56,BR,2022-07-21 00:58:53
685,Tilichiki,60.4667,166.1,64.4,38,1,6.91,RU,2022-07-21 00:58:53
686,Izhmorskiy,56.194,86.6414,58.05,95,100,7.43,RU,2022-07-21 00:57:48
687,Tsabong,-26.0217,22.401,56.75,48,6,8.39,BW,2022-07-21 00:58:54
688,Punta Alta,-38.8759,-62.0736,57.31,51,98,19.3,AR,2022-07-21 00:58:54
689,Petropavlovsk-Kamchatskiy,53.0452,158.6483,66.79,60,40,11.18,RU,2022-07-21 00:58:54
690,Mugur-Aksy,50.35,90.5,50.22,65,21,4.09,RU,2022-07-21 00:58:54
691,Luwuk,-0.9516,122.7875,83.16,74,14,3.56,ID,2022-07-21 00:58:55
692,Ventspils,57.3894,21.5606,51.73,100,31,1.14,LV,2022-07-21 00:58:55
693,Nizwa,22.9333,57.5333,81.16,80,94,2.35,OM,2022-07-21 00:58:55
694,Sechura,-5.5569,-80.8222,63.81,77,12,15.86,PE,2022-07-21 00:58:56
695,Suhbaatar,50.2314,106.2078,67.1,52,32,5.44,MN,2022-07-21 00:58:56
696,Gannan,47.9147,123.5031,81.95,60,53,0.54,CN,2022-07-21 00:58:56
697,Yablonovo,50.8523,37.3574,50.43,97,43,11.18,RU,2022-07-21 00:58:57
698,Portoviejo,-1.05,-80.45,71.01,83,61,3.89,EC,2022-07-21 00:55:26
699,Caluquembe,-13.7833,14.6833,54.39,56,11,2.59,AO,2022-07-21 00:59:57
700,Nalut,30.3333,10.85,79.59,30,0,12.64,LY,2022-07-21 00:59:57
701,Axim,4.8699,-2.2405,72.9,76,6,8.59,GH,2022-07-21 00:59:58
702,Sergeyevka,53.88,67.4158,60.06,87,0,10.45,KZ,2022-07-21 00:59:58
703,Namatanai,-3.6667,152.4333,84.65,67,63,6.38,PG,2022-07-21 00:59:58
704,Portlethen,57.0547,-2.1307,58.77,80,100,6.91,GB,2022-07-21 00:59:59
705,Lithgow,-33.4833,150.15,47.23,84,38,12.68,AU,2022-07-21 00:59:59
